pH,Dissolved Oxygen,NDVI,NDTI,GCI,NDCI,NDWI,TSS,CDOM,AQUATIC_MACROPYTES
7.505243464052288,6.569600000000001,-0.08348932983901161,-0.022627490712597096,236.28251362130905,0.011612021857923498,0.10591672753834916,30399.337699999996,1.1239792130660728,-0.08348932983901161
